<package version="0.0">
  <name>community.livecode.hermann.datepicker</name>
  <title>hhDate</title>
  <author>Hermann Hoch</author>
  <version>1.1.0</version>
  <license>community</license>
  <type>widget</type>
  <requires name="com.livecode.canvas"/>
  <requires name="com.livecode.engine"/>
  <requires name="com.livecode.widget"/>
  <requires name="com.livecode.arithmetic"/>
  <requires name="com.livecode.binary"/>
  <requires name="com.livecode.list"/>
  <requires name="com.livecode.string"/>
  <requires name="com.livecode.logic"/>
  <requires name="com.livecode.byte"/>
  <requires name="com.livecode.char"/>
  <requires name="com.livecode.typeconvert"/>
  <requires name="com.livecode.array"/>
  <requires name="com.livecode.type"/>
  <requires name="com.livecode.math"/>
  <requires name="com.livecode.date"/>
  <requires name="com.livecode.mathfoundation"/>
  <metadata key="preferredSize">256,256</metadata>
  <metadata key="svgicon">M0 63.500 C 0 127,0 127,119 127 C 238 127,238 127,238 63.500 C 238 0,238 0,119 0 C 0 0,0 0,0 63.500 M47.358 35.470 C 65.991 38.791,76.679 48.857,77.775 64.116 C 78.903 79.832,69.185 91.852,51.661 96.416 C 44.083 98.390,30.543 99.423,23.608 98.557 C 18 97.856,18 97.856,18 65.928 C 18 34,18 34,28.750 34.035 C 34.663 34.054,43.036 34.700,47.358 35.470 M158 43 C 158 49,158 49,166 49 C 174 49,174 49,174 55 C 174 61,174 61,165.909 61 C 157.818 61,157.818 61,158.159 71.475 C 158.578 84.338,159.645 85.904,168.649 86.872 C 175.086 87.563,174.832 87.091,173.434 95.750 C 172.917 98.951,172.828 99,167.504 99 C 158.136 99,152.105 97.170,147.584 92.956 C 143.500 89.149,143.500 89.149,143.174 75.074 C 142.849 61,142.849 61,138.924 61 C 135 61,135 61,135 55 C 135 49,135 49,139 49 C 143 49,143 49,143 43 C 143 37,143 37,150.500 37 C 158 37,158 37,158 43 M34.791 66.185 C 34.500 85.230,34.500 85.230,39.867 84.675 C 51.084 83.515,59.544 76.817,60.703 68.178 C 62.168 57.255,54.049 49.640,38.791 47.628 C 35.083 47.139,35.083 47.139,34.791 66.185 M209.905 48.973 C 218.704 51.496,225 59.932,225 69.196 C 225 74,225 74,209 74 C 191.512 74,191.489 74.009,194.960 79.701 C 197.962 84.626,202.192 86.316,212.750 86.808 C 222 87.239,222 87.239,222 90.554 C 222 92.378,221.561 95.024,221.025 96.435 C 220.119 98.816,219.595 99,213.708 99 C 190.866 99,177.685 89.478,177.719 73.002 C 177.744 60.891,183.905 52.307,194.994 48.934 C 198.626 47.829,205.984 47.848,209.905 48.973 M114.436 50.088 C 116.814 50.687,120.397 52.527,122.400 54.178 C 128.840 59.487,129.403 61.500,129.822 80.706 C 130.265 101.088,131.916 99.434,111.724 98.843 C 100.104 98.502,97.900 98.155,93.552 95.978 C 86.994 92.694,84.663 89.362,84.753 83.405 C 84.884 74.747,91.437 69.875,105.750 67.793 C 110.287 67.133,114 66.320,114 65.988 C 114 65.655,113.425 64.597,112.723 63.636 C 111.064 61.367,105.208 60.054,96.619 60.024 C 89.738 60,89.738 60,90.358 56.250 C 90.699 54.188,90.983 51.712,90.989 50.750 C 90.999 49.206,92.126 49,100.557 49 C 105.814 49,112.059 49.490,114.436 50.088 M197.217 59.561 C 195.991 60.419,194.305 62.444,193.469 64.061 C 191.949 67,191.949 67,201.422 67 C 210.896 67,210.896 67,209.845 63.984 C 207.905 58.419,201.866 56.304,197.217 59.561 M110.002 75.100 C 101.578 76.749,98.071 81.396,101.787 85.985 C 103.239 87.778,104.960 88.415,109.334 88.778 C 115 89.248,115 89.248,115 81.624 C 115 77.431,114.888 74.049,114.750 74.110 C 114.612 74.170,112.476 74.615,110.002 75.100Z</metadata>
  <handler name="OnCreate" parameters="" return="any"/>
  <handler name="OnOpen" parameters="" return="any"/>
  <handler name="OnClose" parameters="" return="any"/>
  <handler name="OnDo" parameters="in string" return="any"/>
  <handler name="OnGeometryChanged" parameters="" return="any"/>
  <handler name="OnPaint" parameters="" return="any"/>
  <handler name="OnTimer" parameters="" return="any"/>
  <handler name="OnMouseDown" parameters="" return="any"/>
  <handler name="OnMouseScroll" parameters="in any,in any" return="any"/>
  <handler name="OnMouseUp" parameters="" return="any"/>
  <handler name="OnMouseEnter" parameters="" return="any"/>
  <handler name="OnMouseLeave" parameters="" return="any"/>
  <handler name="OnMouseRelease" parameters="" return="any"/>
  <handler name="OnMouseCancel" parameters="" return="any"/>
  <handler name="OnSave" parameters="out array" return="any"/>
  <handler name="OnLoad" parameters="in array" return="any"/>
  <property name="selectedDate" get="string" set="string"/>
  <metadata key="selectedDate.editor">com.livecode.pi.string</metadata>
  <property name="noDateText" get="string" set="string"/>
  <metadata key="noDateText.editor">com.livecode.pi.string</metadata>
  <property name="allowGrab" get="boolean" set="boolean"/>
  <property name="allowScroll" get="boolean" set="boolean"/>
  <property name="showTime" get="boolean" set="boolean"/>
  <property name="showLunarPhase" get="boolean" set="boolean"/>
  <property name="southernHemisphere" get="boolean" set="boolean"/>
  <property name="useMonthArrows" get="boolean" set="boolean"/>
  <property name="namesToUse" get="string" set="string"/>
  <metadata key="namesToUse.editor">com.livecode.pi.enum</metadata>
  <metadata key="namesToUse.options">Custom,English,System</metadata>
  <metadata key="namesToUse.section">Contents</metadata>
  <property name="weekStart" get="string" set="string"/>
  <metadata key="weekStart.editor">com.livecode.pi.enum</metadata>
  <metadata key="weekStart.options">Monday,Sunday,Saturday</metadata>
  <metadata key="weekStart.section">Contents</metadata>
  <property name="customDayNamesSuToSa" get="string" set="string"/>
  <metadata key="customDayNamesSuToSa.editor">com.livecode.pi.string</metadata>
  <metadata key="customDayNamesSuToSa.section">Contents</metadata>
  <property name="customMonthNames" get="string" set="string"/>
  <metadata key="customMonthNames.editor">com.livecode.pi.text</metadata>
  <metadata key="customMonthNames.section">Contents</metadata>
  <property name="borderRoundRadius" get="number" set="number"/>
  <metadata key="borderRoundRadius.editor">com.livecode.pi.number</metadata>
  <metadata key="borderRoundRadius.min">0</metadata>
  <metadata key="borderRoundRadius.max">16</metadata>
  <metadata key="borderRoundRadius.step">1</metadata>
  <metadata key="borderRoundRadius.section">Colors</metadata>
  <property name="borderWidth" get="number" set="number"/>
  <metadata key="borderWidth.editor">com.livecode.pi.number</metadata>
  <metadata key="borderWidth.min">0</metadata>
  <metadata key="borderWidth.max">12</metadata>
  <metadata key="borderWidth.step">1</metadata>
  <metadata key="borderWidth.section">Colors</metadata>
  <property name="resetColors" get="string" set="string"/>
  <metadata key="resetColors.editor">com.livecode.pi.action</metadata>
  <metadata key="resetColors.section">Colors</metadata>
  <property name="invertedColors" get="string" set="string"/>
  <metadata key="invertedColors.editor">com.livecode.pi.action</metadata>
  <metadata key="invertedColors.section">Colors</metadata>
  <property name="colorActive" get="string" set="string"/>
  <metadata key="colorActive.editor">com.livecode.pi.colorwithalpha</metadata>
  <metadata key="colorActive.section">Colors</metadata>
  <property name="colorActiveVar" get="string" set="string"/>
  <metadata key="colorActiveVar.editor">com.livecode.pi.colorwithalpha</metadata>
  <metadata key="colorActiveVar.section">Colors</metadata>
  <property name="colorBack" get="string" set="string"/>
  <metadata key="colorBack.editor">com.livecode.pi.colorwithalpha</metadata>
  <metadata key="colorBack.section">Colors</metadata>
  <property name="colorBackVar" get="string" set="string"/>
  <metadata key="colorBackVar.editor">com.livecode.pi.colorwithalpha</metadata>
  <metadata key="colorBackVar.section">Colors</metadata>
  <property name="colorBorder" get="string" set="string"/>
  <metadata key="colorBorder.editor">com.livecode.pi.colorwithalpha</metadata>
  <metadata key="colorBorder.section">Colors</metadata>
  <property name="colorEmpty" get="string" set="string"/>
  <metadata key="colorEmpty.editor">com.livecode.pi.colorwithalpha</metadata>
  <metadata key="colorEmpty.section">Colors</metadata>
  <property name="colorFore" get="string" set="string"/>
  <metadata key="colorFore.editor">com.livecode.pi.colorwithalpha</metadata>
  <metadata key="colorFore.section">Colors</metadata>
  <property name="colorForeVar" get="string" set="string"/>
  <metadata key="colorForeVar.editor">com.livecode.pi.colorwithalpha</metadata>
  <metadata key="colorForeVar.section">Colors</metadata>
  <property name="colorHilite" get="string" set="string"/>
  <metadata key="colorHilite.editor">com.livecode.pi.colorwithalpha</metadata>
  <metadata key="colorHilite.section">Colors</metadata>
  <property name="colorWidgetBack" get="string" set="string"/>
  <metadata key="colorWidgetBack.editor">com.livecode.pi.colorwithalpha</metadata>
  <metadata key="colorWidgetBack.section">Colors</metadata>
  <metadata key="textSize.user_visible">false</metadata>
  <property name="daysBold" get="boolean" set="boolean"/>
  <metadata key="daysBold.section">Text</metadata>
  <property name="daysItalic" get="boolean" set="boolean"/>
  <metadata key="daysItalic.section">Text</metadata>
  <property name="dayNamesBold" get="boolean" set="boolean"/>
  <metadata key="dayNamesBold.section">Text</metadata>
  <property name="dayNamesItalic" get="boolean" set="boolean"/>
  <metadata key="dayNamesItalic.section">Text</metadata>
  <property name="pickedDateBold" get="boolean" set="boolean"/>
  <metadata key="pickedDateBold.section">Text</metadata>
  <property name="pickedDateItalic" get="boolean" set="boolean"/>
  <metadata key="pickedDateItalic.section">Text</metadata>
  <property name="titleBold" get="boolean" set="boolean"/>
  <metadata key="titleBold.section">Text</metadata>
  <property name="titleItalic" get="boolean" set="boolean"/>
  <metadata key="titleItalic.section">Text</metadata>
  <property name="baseTextSize" get="number" set="string"/>
  <metadata key="baseTextSize.editor">com.livecode.pi.number</metadata>
  <metadata key="baseTextSize.section">Text</metadata>
  <metadata key="baseTextSize.min">10</metadata>
  <metadata key="baseTextSize.max">16</metadata>
  <metadata key="baseTextSize.step">1</metadata>
  <metadata key="baseTextSize.default">13</metadata>
  <property name="pickerScale" get="number" set="number"/>
  <metadata key="pickerScale.editor">com.livecode.pi.number</metadata>
  <metadata key="pickerScale.section">Text</metadata>
  <metadata key="pickerScale.min">0.8</metadata>
  <metadata key="pickerScale.max">2.8</metadata>
  <metadata key="pickerScale.step">0.1</metadata>
  <property name="setPickerScaleToDefault" get="number" set="number"/>
  <metadata key="setPickerScaleToDefault.editor">com.livecode.pi.action</metadata>
  <metadata key="setPickerScaleToDefault.section">Text</metadata>
  <property name="scaleDefault" get="number" set="number"/>
  <metadata key="scaleDefault.editor">com.livecode.pi.number</metadata>
  <metadata key="scaleDefault.section">Text</metadata>
  <metadata key="scaleDefault.min">0.8</metadata>
  <metadata key="scaleDefault.max">2.8</metadata>
  <metadata key="scaleDefault.step">0.1</metadata>
  <property name="hhInfo" get="string" set="string"/>
  <metadata key="hhInfo.editor">com.livecode.pi.text</metadata>
  <metadata key="hhInfo.section">Advanced</metadata>
  <property name="widgetVersion" get="string"/>
</package>