<package version="0.0">
  <name>community.livecode.hermann.orientedtext</name>
  <title>hhOText</title>
  <author>Hermann Hoch and Cyril Pruszko</author>
  <version>1.5.2</version>
  <license>community</license>
  <type>widget</type>
  <requires name="com.livecode.canvas"/>
  <requires name="com.livecode.engine"/>
  <requires name="com.livecode.math"/>
  <requires name="com.livecode.widget"/>
  <requires name="com.livecode.arithmetic"/>
  <requires name="com.livecode.binary"/>
  <requires name="com.livecode.list"/>
  <requires name="com.livecode.logic"/>
  <requires name="com.livecode.string"/>
  <requires name="com.livecode.type"/>
  <requires name="com.livecode.mathfoundation"/>
  <requires name="com.livecode.typeconvert"/>
  <requires name="com.livecode.array"/>
  <requires name="com.livecode.byte"/>
  <requires name="com.livecode.char"/>
  <metadata key="preferredSize">210,60</metadata>
  <metadata key="svgicon">M0 63.5 C 0 127,0 127,136 127 C 272 127,272 127,272 63.5 C 272 0,272 0,136 0 C 0 0,0 0,0 63.5 M124.796 41.250 C 125.091 48,125.091 48,114.546 48 C 104 48,104 48,104 73 C 104 98,104 98,95.5 98 C 87 98,87 98,87 73 C 87 48,87 48,76.5 48 C 66 48,66 48,66 41.667 C 66 38.183,66.307 35.027,66.682 34.652 C 67.057 34.277,80.219 34.089,95.932 34.235 C 124.5 34.5,124.5 34.5,124.796 41.250 M244 43 C 244 49,244 49,252.050 49 C 260.1 49,260.1 49,259.8 54.750 C 259.5 60.5,259.5 60.5,251.750 60.792 C 244 61.084,244 61.084,244 70.960 C 244 76.392,244.280 81.565,244.621 82.455 C 245.590 84.979,250.447 87,255.544 87 C 260.188 87,260.188 87,259.480 92.250 C 259.090 95.138,258.534 97.897,258.244 98.383 C 257.343 99.894,242.548 98.336,237.786 96.229 C 235.327 95.142,232.232 92.733,230.908 90.876 C 228.710 87.794,228.470 86.345,228.152 74.250 C 227.804 61,227.804 61,224.402 61 C 221 61,221 61,221 55 C 221 49,221 49,225 49 C 229 49,229 49,229 43 C 229 37,229 37,236.5 37 C 244 37,244 37,244 43 M52.436 51.410 C 64.386 58.413,68.353 74.231,61.375 87.053 C 55.402 98.027,40.143 102.751,27.5 97.540 C 18.551 93.851,13.026 84.767,13.010 73.718 C 12.998 65.830,14.769 60.889,19.301 56.165 C 25.246 49.967,30.812 47.934,40.644 48.370 C 46.243 48.618,48.794 49.275,52.436 51.410 M151.101 49.153 C 159.215 51.905,164.493 59.171,165.464 68.927 C 165.969 74,165.969 74,149.417 74 C 132.865 74,132.865 74,133.537 76.250 C 135.674 83.412,140.874 86.204,153.484 86.961 C 162.468 87.5,162.468 87.5,162.143 92 C 161.639 98.983,160.983 99.347,150.018 98.727 C 128.925 97.535,118 88.716,118 72.881 C 118 58.311,127.953 48.273,142.601 48.070 C 145.406 48.032,149.231 48.519,151.101 49.153 M188.5 56.044 C 191.250 60.419,193.794 63.998,194.154 63.999 C 194.513 64,197.134 60.373,199.977 55.941 C 202.879 51.418,205.663 48.097,206.323 48.372 C 206.970 48.642,209.863 49.650,212.750 50.614 C 215.637 51.577,218 52.750,218 53.221 C 218 53.692,215.265 58.144,211.923 63.115 C 208.580 68.086,206.059 72.712,206.321 73.394 C 206.583 74.077,209.543 78.816,212.899 83.927 C 218.377 92.270,219.787 95,218.619 95 C 218.410 95,215.305 96.104,211.720 97.454 C 205.201 99.907,205.201 99.907,199.525 90.954 C 196.403 86.029,193.715 82,193.551 82 C 193.386 82,190.860 85.713,187.936 90.250 C 185.012 94.787,182.347 98.836,182.014 99.246 C 181.235 100.205,169.763 95.789,169.282 94.345 C 169.081 93.744,171.898 88.887,175.541 83.551 C 182.165 73.850,182.165 73.850,176.144 64.675 C 172.832 59.629,169.982 54.898,169.811 54.162 C 169.540 52.996,179.287 48.387,182.5 48.161 C 183.050 48.123,185.750 51.670,188.5 56.044 M135.923 60.923 C 130.796 66.050,131.747 67,142 67 C 146.950 67,151 66.753,151 66.450 C 151 66.148,150.320 64.586,149.490 62.980 C 146.517 57.232,140.523 56.323,135.923 60.923 M33.655 61.133 C 31.241 62.536,28.050 69.648,28.022 73.685 C 27.954 83.586,35.748 90.250,43.006 86.497 C 50.517 82.613,51.079 66.671,43.883 61.631 C 41.239 59.779,36.391 59.543,33.655 61.133Z</metadata>
  <handler name="OnCreate" parameters="" return="any"/>
  <handler name="OnOpen" parameters="" return="any"/>
  <handler name="OnClose" parameters="" return="any"/>
  <handler name="OnPaint" parameters="" return="any"/>
  <handler name="OnTimer" parameters="" return="any"/>
  <handler name="OnMouseMove" parameters="" return="any"/>
  <handler name="OnMouseDown" parameters="" return="any"/>
  <handler name="OnDo" parameters="in string" return="nothing"/>
  <handler name="OnMouseUp" parameters="" return="any"/>
  <handler name="OnMouseRelease" parameters="" return="any"/>
  <handler name="OnMouseCancel" parameters="" return="any"/>
  <handler name="OnMouseEnter" parameters="" return="any"/>
  <handler name="OnMouseLeave" parameters="" return="any"/>
  <handler name="OnMouseScroll" parameters="in any,in any" return="any"/>
  <handler name="OnSave" parameters="out array" return="any"/>
  <handler name="OnLoad" parameters="in array" return="any"/>
  <property name="widgetVersion" get="string"/>
  <property name="widgetFontName" get="string" set="string"/>
  <metadata key="widgetFontName.editor">com.livecode.pi.enum</metadata>
  <metadata key="widgetFontName.options">execute:get the fontNames; sort it</metadata>
  <property name="widgetFontSize" get="number" set="number"/>
  <metadata key="widgetFontSize.editor">com.livecode.pi.number</metadata>
  <metadata key="widgetFontSize.min">10</metadata>
  <metadata key="widgetFontSize.step">1</metadata>
  <property name="widgetAdjustSize" get="boolean" set="boolean"/>
  <metadata key="widgetAdjustSize.editor">com.livecode.pi.boolean</metadata>
  <property name="widgetTextLeftShift" get="number" set="number"/>
  <metadata key="widgetTextLeftShift.editor">com.livecode.pi.number</metadata>
  <metadata key="widgetTextLeftShift.step">1</metadata>
  <property name="widgetTextTopShift" get="number" set="number"/>
  <metadata key="widgetTextTopShift.editor">com.livecode.pi.number</metadata>
  <metadata key="widgetTextTopShift.step">1</metadata>
  <property name="widgetChangeTextWidth" get="number" set="number"/>
  <metadata key="widgetChangeTextWidth.editor">com.livecode.pi.number</metadata>
  <metadata key="widgetChangeTextWidth.step">1</metadata>
  <property name="widgetChangeTextHeight" get="number" set="number"/>
  <metadata key="widgetChangeTextHeight.editor">com.livecode.pi.number</metadata>
  <metadata key="widgetChangeTextHeight.step">1</metadata>
  <property name="widgetAngle" get="number" set="number"/>
  <metadata key="widgetAngle.editor">com.livecode.pi.number</metadata>
  <metadata key="widgetAngle.min">-180</metadata>
  <metadata key="widgetAngle.max">180</metadata>
  <metadata key="widgetAngle.step">1</metadata>
  <property name="widgetShowAngle" get="boolean" set="boolean"/>
  <metadata key="widgetShowAngle.editor">com.livecode.pi.boolean</metadata>
  <property name="widgetText" get="string" set="string"/>
  <metadata key="widgetText.editor">com.livecode.pi.string</metadata>
  <property name="widgetRoundRadius" get="number" set="number"/>
  <metadata key="widgetRoundRadius.editor">com.livecode.pi.number</metadata>
  <metadata key="widgetRoundRadius.min">0</metadata>
  <metadata key="widgetRoundRadius.step">1</metadata>
  <property name="showBounds" get="boolean" set="boolean"/>
  <metadata key="showBounds.editor">com.livecode.pi.boolean</metadata>
  <property name="useScrollWheel" get="boolean" set="boolean"/>
  <metadata key="useScrollWheel.editor">com.livecode.pi.boolean</metadata>
  <property name="widgetBackColor" get="string" set="string"/>
  <metadata key="widgetBackColor.editor">com.livecode.pi.colorwithalpha</metadata>
  <metadata key="widgetBackColor.section">Colors</metadata>
  <property name="useContrastColor" get="boolean" set="boolean"/>
  <metadata key="useContrastColor.editor">com.livecode.pi.boolean</metadata>
  <metadata key="useContrastColor.section">Colors</metadata>
  <property name="widgetTextColor" get="string" set="string"/>
  <metadata key="widgetTextColor.editor">com.livecode.pi.colorwithalpha</metadata>
  <metadata key="widgetTextColor.section">Colors</metadata>
  <property name="useTextColorForBorder" get="boolean" set="boolean"/>
  <metadata key="useTextColorForBorder.editor">com.livecode.pi.boolean</metadata>
  <metadata key="useTextColorForBorder.section">Colors</metadata>
  <property name="widgetBorderColor" get="string" set="string"/>
  <metadata key="widgetBorderColor.editor">com.livecode.pi.colorwithalpha</metadata>
  <metadata key="widgetBorderColor.section">Colors</metadata>
  <property name="widgetStrokeWidth" get="number" set="number"/>
  <metadata key="widgetStrokeWidth.editor">com.livecode.pi.number</metadata>
  <metadata key="widgetStrokeWidth.section">Colors</metadata>
  <metadata key="widgetStrokeWidth.min">0</metadata>
  <metadata key="widgetStrokeWidth.step">1</metadata>
  <property name="strokeBack" get="boolean" set="boolean"/>
  <metadata key="strokeBack.editor">com.livecode.pi.boolean</metadata>
  <metadata key="strokeBack.section">Colors</metadata>
  <property name="useDestinationOut" get="boolean" set="boolean"/>
  <metadata key="useDestinationOut.editor">com.livecode.pi.boolean</metadata>
  <metadata key="useDestinationOut.section">Colors</metadata>
</package>