<package version="0.0">
  <name>community.livecode.hermann.biorhythm</name>
  <title>hhBioR</title>
  <author>Hermann Hoch</author>
  <version>1.0.0</version>
  <license>community</license>
  <type>widget</type>
  <requires name="com.livecode.canvas"/>
  <requires name="com.livecode.engine"/>
  <requires name="com.livecode.math"/>
  <requires name="com.livecode.widget"/>
  <requires name="com.livecode.list"/>
  <requires name="com.livecode.array"/>
  <requires name="com.livecode.arithmetic"/>
  <requires name="com.livecode.binary"/>
  <requires name="com.livecode.logic"/>
  <requires name="com.livecode.string"/>
  <requires name="com.livecode.type"/>
  <requires name="com.livecode.byte"/>
  <requires name="com.livecode.char"/>
  <requires name="com.livecode.typeconvert"/>
  <requires name="com.livecode.mathfoundation"/>
  <requires name="com.livecode.date"/>
  <metadata key="preferredSize">330,220</metadata>
  <metadata key="svgicon">M0 63.5 C 0 127,0 127,118.5 127 C 237 127,237 127,237 63.5 C 237 0,237 0,118.5 0 C 0 0,0 0,0 63.5 M97 37.5 C 97 43,97 43,89.5 43 C 82 43,82 43,82 37.5 C 82 32,82 32,89.5 32 C 97 32,97 32,97 37.5 M52.316 36.494 C 59.280 38.308,62.635 40.393,64.551 44.099 C 67.731 50.248,65.096 59.632,59.471 62.195 C 56.959 63.340,56.983 63.372,62.208 65.925 C 68.455 68.978,71.167 73.049,71.167 79.374 C 71.167 85.432,68.815 89.438,63.392 92.616 C 56.413 96.706,49.216 97.967,32.750 97.984 C 18 98,18 98,18 66.5 C 18 35,18 35,32.290 35 C 41.741 35,48.522 35.506,52.316 36.494 M199.566 36.077 C 211.120 38.174,217.917 44.714,217.978 53.790 C 218.007 58.071,214.904 64.062,210.923 67.412 C 208.086 69.799,207.908 70.252,209.210 71.787 C 211.698 74.721,224.5 90.414,225.821 92.148 C 226.928 93.602,226.273 94.103,220.267 96.398 C 216.522 97.829,213.184 99,212.850 99 C 212.082 99,189.671 69.970,190.147 69.592 C 190.341 69.439,192.341 68.3,194.590 67.062 C 201.365 63.334,203.979 56.271,200.449 51.230 C 198.355 48.242,196.440 47.357,190.250 46.521 C 185 45.812,185 45.812,185 71.906 C 185 98,185 98,177.5 98 C 170 98,170 98,170 66.5 C 170 35,170 35,181.816 35 C 188.315 35,196.303 35.485,199.566 36.077 M33 65.967 C 33 87.212,33 87.212,40.932 86.852 C 50.492 86.417,54.308 84.255,54.826 78.978 C 55.451 72.617,51.548 69,44.060 69 C 40.115 69,39 67.881,39 63.918 C 39 62.555,39.701 62,41.423 62 C 45.314 62,50 57.403,50 53.585 C 50 48.619,46.492 45.946,39.094 45.275 C 33 44.722,33 44.722,33 65.967 M144.561 51.267 C 148.384 53.252,153.683 58.566,155.718 62.455 C 157.750 66.341,158.503 76.467,157.134 81.522 C 153.518 94.883,138.766 102.117,123.679 97.928 C 118.949 96.614,112.558 90.964,109.701 85.568 C 106.831 80.149,106.663 68.164,109.384 63 C 112.817 56.484,117.919 52.195,124.994 49.875 C 128.843 48.613,141.133 49.487,144.561 51.267 M97 74 C 97 98,97 98,89.750 98 C 82.5 98.001,82.5 98.001,82.735 74.250 C 82.865 61.188,82.977 50.388,82.985 50.250 C 82.993 50.112,86.150 50,90 50 C 97 50,97 50,97 74 M127.217 61.561 C 120.075 66.563,120.270 83.131,127.515 87.008 C 132.576 89.717,138.931 87.968,141.404 83.186 C 146.689 72.966,142.037 60,133.086 60 C 131.084 60,128.442 60.702,127.217 61.561Z</metadata>
  <handler name="OnCreate" parameters="" return="any"/>
  <handler name="OnPaint" parameters="" return="any"/>
  <handler name="OnSave" parameters="out array" return="any"/>
  <handler name="OnLoad" parameters="in array" return="any"/>
  <handler name="OnMouseDown" parameters="" return="any"/>
  <handler name="OnMouseUp" parameters="" return="any"/>
  <handler name="OnMouseEnter" parameters="" return="any"/>
  <handler name="OnMouseLeave" parameters="" return="any"/>
  <handler name="OnMouseRelease" parameters="" return="any"/>
  <handler name="OnMouseScroll" parameters="in any,in any" return="any"/>
  <handler name="OnTimer" parameters="" return="any"/>
  <handler name="OnOpen" parameters="" return="any"/>
  <handler name="OnClose" parameters="" return="any"/>
  <handler name="OnDo" parameters="in string" return="nothing"/>
  <handler name="postRect" parameters="in list" return="any"/>
  <property name="widgetVersion" get="string"/>
  <property name="allowGrab" get="boolean" set="boolean"/>
  <property name="useTimer" get="boolean" set="boolean"/>
  <property name="dateColor" get="string" set="string"/>
  <metadata key="dateColor.editor">com.livecode.pi.colorwithalpha</metadata>
  <metadata key="dateColor.section">Colors</metadata>
  <property name="fillColor" get="string" set="string"/>
  <metadata key="fillColor.editor">com.livecode.pi.colorwithalpha</metadata>
  <metadata key="fillColor.section">Colors</metadata>
  <property name="strokeColor" get="string" set="string"/>
  <metadata key="strokeColor.editor">com.livecode.pi.colorwithalpha</metadata>
  <metadata key="strokeColor.section">Colors</metadata>
  <property name="strokeWidth" get="number" set="number"/>
  <metadata key="strokeWidth.editor">com.livecode.pi.number</metadata>
  <metadata key="strokeWidth.min">1</metadata>
  <metadata key="strokeWidth.max">128</metadata>
  <metadata key="strokeWidth.step">0.5</metadata>
  <metadata key="strokeWidth.section">Colors</metadata>
  <metadata key="strokeWidth.default">4</metadata>
  <property name="physical" get="boolean" set="boolean"/>
  <metadata key="physical.section">Icons</metadata>
  <property name="emotional" get="boolean" set="boolean"/>
  <metadata key="emotional.section">Icons</metadata>
  <property name="intellectual" get="boolean" set="boolean"/>
  <metadata key="intellectual.section">Icons</metadata>
  <property name="spiritual" get="boolean" set="boolean"/>
  <metadata key="spiritual.section">Icons</metadata>
  <property name="awareness" get="boolean" set="boolean"/>
  <metadata key="awareness.section">Icons</metadata>
  <property name="aesthetic" get="boolean" set="boolean"/>
  <metadata key="aesthetic.section">Icons</metadata>
  <property name="intuition" get="boolean" set="boolean"/>
  <metadata key="intuition.section">Icons</metadata>
  <property name="weightedMean" get="boolean" set="boolean"/>
  <metadata key="weightedMean.section">Icons</metadata>
  <property name="editCurve" get="string" set="string"/>
  <metadata key="editCurve.editor">com.livecode.pi.enum</metadata>
  <metadata key="editCurve.options">1 physical,2 emotional,3 intellectual,4 spiritual,5 awareness,6 aesthetic,7 intuition,8 w-mean,9 axes</metadata>
  <metadata key="editCurve.section">Icons</metadata>
  <property name="curveWeight" get="number" set="number"/>
  <metadata key="curveWeight.editor">com.livecode.pi.number</metadata>
  <metadata key="curveWeight.min">0</metadata>
  <metadata key="curveWeight.max">10</metadata>
  <metadata key="curveWeight.step">0.5</metadata>
  <metadata key="curveWeight.section">Icons</metadata>
  <metadata key="curveWeight.default">1</metadata>
  <property name="curveStrokeWidth" get="number" set="number"/>
  <metadata key="curveStrokeWidth.editor">com.livecode.pi.number</metadata>
  <metadata key="curveStrokeWidth.min">1</metadata>
  <metadata key="curveStrokeWidth.max">10</metadata>
  <metadata key="curveStrokeWidth.step">0.5</metadata>
  <metadata key="curveStrokeWidth.section">Icons</metadata>
  <metadata key="curveStrokeWidth.default">2</metadata>
  <property name="curveColor" get="string" set="string"/>
  <metadata key="curveColor.editor">com.livecode.pi.colorwithalpha</metadata>
  <metadata key="curveColor.section">Icons</metadata>
  <property name="roundWRadius" get="number" set="number"/>
  <metadata key="roundWRadius.editor">com.livecode.pi.number</metadata>
  <metadata key="roundWRadius.min">0</metadata>
  <metadata key="roundWRadius.max">64</metadata>
  <metadata key="roundWRadius.step">1</metadata>
  <metadata key="roundWRadius.section">Colors</metadata>
  <metadata key="roundWRadius.default">4</metadata>
  <property name="textSize" get="string"/>
  <metadata key="textSize.user_visible">false</metadata>
  <metadata key="textSize.section">Text</metadata>
  <property name="dateOfBirth" get="string" set="string"/>
  <metadata key="dateOfBirth.editor">com.livecode.pi.string</metadata>
  <metadata key="dateOfBirth.section">Text</metadata>
  <property name="lookUpDate" get="string" set="string"/>
  <metadata key="lookUpDate.editor">com.livecode.pi.string</metadata>
  <metadata key="lookUpDate.section">Text</metadata>
  <property name="useTodayForLookUp" get="boolean" set="boolean"/>
  <metadata key="useTodayForLookUp.section">Text</metadata>
  <property name="dayOffset" get="number" set="number"/>
  <metadata key="dayOffset.editor">com.livecode.pi.number</metadata>
  <metadata key="dayOffset.min">-256</metadata>
  <metadata key="dayOffset.max">256</metadata>
  <metadata key="dayOffset.step">1</metadata>
  <metadata key="dayOffset.default">0</metadata>
  <metadata key="dayOffset.section">Text</metadata>
  <property name="showDataTable" get="boolean" set="boolean"/>
  <metadata key="showDataTable.section">Text</metadata>
  <property name="showWeights" get="boolean" set="boolean"/>
  <metadata key="showWeights.section">Text</metadata>
  <property name="fitToTable" get="boolean" set="boolean"/>
  <metadata key="fitToTable.section">Text</metadata>
  <property name="resizeGraph" get="boolean" set="boolean"/>
  <metadata key="resizeGraph.section">Text</metadata>
</package>