<package version="0.0">
  <name>community.livecode.hermann.imagewidget</name>
  <title>hhImage</title>
  <author>Hermann Hoch</author>
  <version>1.1.0</version>
  <license>community</license>
  <type>widget</type>
  <requires name="com.livecode.canvas"/>
  <requires name="com.livecode.engine"/>
  <requires name="com.livecode.math"/>
  <requires name="com.livecode.widget"/>
  <requires name="com.livecode.arithmetic"/>
  <requires name="com.livecode.binary"/>
  <requires name="com.livecode.list"/>
  <requires name="com.livecode.string"/>
  <requires name="com.livecode.logic"/>
  <requires name="com.livecode.type"/>
  <requires name="com.livecode.array"/>
  <requires name="com.livecode.byte"/>
  <requires name="com.livecode.char"/>
  <requires name="com.livecode.date"/>
  <requires name="com.livecode.typeconvert"/>
  <requires name="com.livecode.mathfoundation"/>
  <metadata key="preferredSize">266,202</metadata>
  <metadata key="svgicon">M0 63.5 C 0 127,0 127,139.5 127 C 279 127,279 127,279 63.5 C 279 0,279 0,139.5 0 C 0 0,0 0,0 63.5 M34.764 66.250 C 35.028 98,35.028 98,26.514 98 C 18 98,18 98,18 65.960 C 18 33.919,18 33.919,26.250 34.210 C 34.5 34.5,34.5 34.5,34.764 66.250 M87.691 49.658 C 89.612 50.569,91.4 51.880,91.665 52.570 C 92.021 53.498,93.627 53.165,97.823 51.294 C 105.492 47.875,114.360 47.230,118.923 49.758 C 125.337 53.312,126 55.979,126 78.234 C 126 98,126 98,118.584 98 C 111.169 98,111.169 98,110.834 81.151 C 110.588 68.742,110.138 63.867,109.128 62.651 C 107.434 60.614,103.059 60.531,98.468 62.449 C 95 63.898,95 63.898,95 80.949 C 95 98,95 98,87.5 98 C 80 98,80 98,79.985 82.250 C 79.965 61.066,78.526 58.618,68.371 62.496 C 64 64.165,64 64.165,64 81.083 C 64 98,64 98,56.5 98 C 49 98,49 98,49 73.5 C 49 49,49 49,56.5 49 C 63.333 49,64 49.178,64 51 C 64 53.422,64.244 53.442,68.293 51.348 C 75.415 47.666,82.239 47.071,87.691 49.658 M208.450 62.041 C 210.764 69.443,212.884 76.175,213.162 77 C 213.440 77.825,215.804 72.088,218.416 64.250 C 223.166 50,223.166 50,228.891 50 C 234.616 50,234.616 50,239.007 64.137 C 242.191 74.390,243.608 77.756,244.161 76.387 C 244.581 75.349,246.794 68.524,249.078 61.219 C 252.430 50.5,253.546 48.026,254.866 48.391 C 265.749 51.404,268 52.181,268 52.929 C 268 53.409,266.045 58.909,263.656 65.151 C 261.267 71.393,257.601 81.356,255.510 87.291 C 251.707 98.082,251.707 98.082,244.783 97.791 C 237.860 97.5,237.860 97.5,233.487 84.640 C 231.082 77.568,228.947 71.614,228.743 71.410 C 228.539 71.206,226.201 77.105,223.548 84.520 C 218.724 98,218.724 98,211.830 98 C 207.206 98,204.8 97.589,204.519 96.750 C 204.289 96.063,200.646 85.920,196.422 74.212 C 192.199 62.503,188.971 52.696,189.249 52.418 C 189.999 51.668,202.358 48.127,203.372 48.371 C 203.852 48.487,206.137 54.638,208.450 62.041 M182 74.532 C 182 95.315,181.712 100.753,180.452 103.768 C 176.505 113.216,166.992 117.885,148.293 119.552 C 140.248 120.269,140.979 120.908,139.540 111.895 C 138.964 108.291,138.964 108.291,146.872 107.631 C 156.766 106.806,161.853 105.078,164.389 101.681 C 165.476 100.224,166.158 98.825,165.904 98.571 C 165.650 98.317,162.371 97.618,158.617 97.019 C 140.330 94.097,130.845 81.9,135.060 66.723 C 136.499 61.541,141.130 56.573,147.364 53.523 C 154.220 50.169,159.338 49.242,171.750 49.110 C 182 49,182 49,182 74.532 M157.316 62.943 C 150.576 66.004,148.096 73.416,151.566 80.128 C 153.284 83.450,159.750 86.942,164.250 86.978 C 167 87,167 87,167 74 C 167 61,167 61,164.250 61.022 C 162.738 61.034,159.617 61.899,157.316 62.943Z</metadata>
  <property name="widgetVersion" get="string"/>
  <property name="allowGrab" get="boolean" set="boolean"/>
  <property name="allowPopUp" get="boolean" set="boolean"/>
  <property name="showBounds" get="boolean" set="boolean"/>
  <property name="showCaption" get="boolean" set="boolean"/>
  <property name="showHandles" get="boolean" set="boolean"/>
  <property name="showLoc" get="boolean" set="boolean"/>
  <property name="showPath" get="boolean" set="boolean"/>
  <property name="showSizes" get="boolean" set="boolean"/>
  <property name="showAll" get="string" set="string"/>
  <property name="hideAll" get="string" set="string"/>
  <property name="resetPath" get="string" set="string"/>
  <property name="imageText" get="data" set="data"/>
  <property name="imageTextURL" get="data" set="data"/>
  <property name="imageHeight" get="string" set="string"/>
  <property name="imageWidth" get="string" set="string"/>
  <property name="hhMemo" get="string" set="string"/>
  <property name="toCardScript" get="string" set="string"/>
  <property name="toWidgetScript" get="string" set="string"/>
  <property name="handleRadius" get="number" set="number"/>
  <property name="strokeWidth" get="number" set="number"/>
  <property name="strokePath" get="boolean" set="boolean"/>
  <property name="strokeColor" get="string" set="string"/>
  <property name="fillColor" get="string" set="string"/>
  <property name="boundsColor" get="string" set="string"/>
  <property name="captionBackColor" get="string" set="string"/>
  <property name="captionTextColor" get="string" set="string"/>
  <property name="defaultImageColor" get="string" set="string"/>
  <property name="defaultTextColor" get="string" set="string"/>
  <property name="fourPointColor" get="string" set="string"/>
  <property name="skewXColor" get="string" set="string"/>
  <property name="skewYColor" get="string" set="string"/>
  <property name="trueWHColor" get="string" set="string"/>
  <property name="loadInfo" get="string" set="string"/>
  <property name="imageDataFrom" get="string" set="string"/>
  <property name="setImageFromFile" get="string" set="string"/>
  <property name="imageFileName" get="string" set="string"/>
  <property name="enterImageFileName" get="string" set="string"/>
  <property name="setImageFromURL" get="string" set="string"/>
  <property name="imageURL" get="string" set="string"/>
  <property name="flipH" get="boolean" set="boolean"/>
  <property name="flipV" get="boolean" set="boolean"/>
  <property name="skewXAngle" get="string" set="number"/>
  <property name="skewYAngle" get="string" set="number"/>
  <property name="rotationAngle" get="string" set="number"/>
  <property name="imageTrueWidth" get="string" set="string"/>
  <property name="drawFromCenter" get="boolean" set="boolean"/>
  <property name="proportional" get="boolean" set="boolean"/>
  <property name="imageTrueHeight" get="string" set="string"/>
  <property name="autoTextSize" get="boolean" set="boolean"/>
  <property name="setAutoCaption" get="boolean" set="boolean"/>
  <property name="imageCaption" get="string" set="string"/>
  <property name="showCaption_" get="boolean" set="boolean"/>
  <property name="captionLoc" get="string" set="string"/>
  <property name="showDateAsCaption" get="boolean" set="boolean"/>
  <property name="dateFormatInfo" get="string" set="string"/>
  <property name="dateFormat" get="string" set="string"/>
  <property name="setImageFromDefault" get="string" set="string"/>
  <property name="defaultFontName" get="string" set="string"/>
  <property name="defaultText" get="string" set="string"/>
  <property name="pointsList" get="string" set="string"/>
  <property name="handles135" get="string" set="string"/>
  <property name="boundsWidth" get="string" set="string"/>
  <property name="boundsHeight" get="string" set="string"/>
  <property name="zoomIn" get="string" set="string"/>
  <property name="zoomByScroll" get="boolean" set="boolean"/>
  <property name="zoomOut" get="string" set="string"/>
  <metadata key="allowGrab.editor">com.livecode.pi.boolean</metadata>
  <metadata key="allowPopUp.editor">com.livecode.pi.boolean</metadata>
  <metadata key="setAutoCaption.editor">com.livecode.pi.boolean</metadata>
  <metadata key="setAutoCaption.section">Text</metadata>
  <metadata key="autoTextSize.editor">com.livecode.pi.boolean</metadata>
  <metadata key="autoTextSize.section">Text</metadata>
  <metadata key="boundsColor.editor">com.livecode.pi.colorwithalpha</metadata>
  <metadata key="boundsColor.section">Colors</metadata>
  <metadata key="boundsWidth.editor">com.livecode.pi.number</metadata>
  <metadata key="boundsWidth.section">Advanced</metadata>
  <metadata key="boundsWidth.min">16</metadata>
  <metadata key="boundsWidth.step">1</metadata>
  <metadata key="boundsHeight.editor">com.livecode.pi.number</metadata>
  <metadata key="boundsHeight.section">Advanced</metadata>
  <metadata key="boundsHeight.min">16</metadata>
  <metadata key="boundsHeight.step">1</metadata>
  <metadata key="captionBackColor.editor">com.livecode.pi.colorwithalpha</metadata>
  <metadata key="captionBackColor.section">Colors</metadata>
  <metadata key="captionTextColor.editor">com.livecode.pi.colorwithalpha</metadata>
  <metadata key="captionTextColor.section">Colors</metadata>
  <metadata key="captionLoc.editor">com.livecode.pi.enum</metadata>
  <metadata key="captionLoc.options">TL,TM,TR,BL,BM,BR</metadata>
  <metadata key="captionLoc.section">Text</metadata>
  <metadata key="dateFormat.editor">com.livecode.pi.string</metadata>
  <metadata key="dateFormat.section">Text</metadata>
  <metadata key="dateFormatInfo.editor">com.livecode.pi.text</metadata>
  <metadata key="dateFormatInfo.section">Text</metadata>
  <metadata key="defaultImageColor.editor">com.livecode.pi.colorwithalpha</metadata>
  <metadata key="defaultImageColor.section">Colors</metadata>
  <metadata key="defaultFontName.editor">com.livecode.pi.enum</metadata>
  <metadata key="defaultFontName.options">execute: get the fontnames; sort it</metadata>
  <metadata key="defaultFontName.section">Text</metadata>
  <metadata key="defaultTextColor.editor">com.livecode.pi.colorwithalpha</metadata>
  <metadata key="defaultTextColor.section">Colors</metadata>
  <metadata key="defaultText.editor">com.livecode.pi.text</metadata>
  <metadata key="defaultText.section">Text</metadata>
  <metadata key="drawFromCenter.editor">com.livecode.pi.boolean</metadata>
  <metadata key="drawFromCenter.section">Icons</metadata>
  <metadata key="enterImageFileName.editor">com.livecode.pi.string</metadata>
  <metadata key="enterImageFileName.section">Icons</metadata>
  <metadata key="fillColor.editor">com.livecode.pi.colorwithalpha</metadata>
  <metadata key="fillColor.section">Colors</metadata>
  <metadata key="flipH.editor">com.livecode.pi.boolean</metadata>
  <metadata key="flipH.section">Icons</metadata>
  <metadata key="flipV.editor">com.livecode.pi.boolean</metadata>
  <metadata key="flipV.section">Icons</metadata>
  <metadata key="fourPointColor.editor">com.livecode.pi.colorwithalpha</metadata>
  <metadata key="fourPointColor.section">Colors</metadata>
  <metadata key="handleRadius.editor">com.livecode.pi.number</metadata>
  <metadata key="handleRadius.section">Colors</metadata>
  <metadata key="handleRadius.min">4</metadata>
  <metadata key="handleRadius.max">24</metadata>
  <metadata key="handleRadius.step">1</metadata>
  <metadata key="hhMemo.editor">com.livecode.pi.text</metadata>
  <metadata key="hhMemo.section">Contents</metadata>
  <metadata key="hideAll.editor">com.livecode.pi.action</metadata>
  <metadata key="imageCaption.editor">com.livecode.pi.string</metadata>
  <metadata key="imageCaption.section">Text</metadata>
  <metadata key="imageFileName.editor">com.livecode.pi.file</metadata>
  <metadata key="imageFileName.section">Icons</metadata>
  <metadata key="imageDataFrom.editor">com.livecode.pi.string</metadata>
  <metadata key="imageDataFrom.section">Icons</metadata>
  <metadata key="imageHeight.user_visible">false</metadata>
  <metadata key="imageText.user_visible">false</metadata>
  <metadata key="imageTextURL.user_visible">false</metadata>
  <metadata key="imageWidth.user_visible">false</metadata>
  <metadata key="imageTrueHeight.editor">com.livecode.pi.number</metadata>
  <metadata key="imageTrueHeight.section">Icons</metadata>
  <metadata key="imageTrueHeight.min">12</metadata>
  <metadata key="imageTrueHeight.max">1440</metadata>
  <metadata key="imageTrueHeight.step">1</metadata>
  <metadata key="imageTrueWidth.editor">com.livecode.pi.number</metadata>
  <metadata key="imageTrueWidth.section">Icons</metadata>
  <metadata key="imageTrueWidth.min">12</metadata>
  <metadata key="imageTrueWidth.max">1920</metadata>
  <metadata key="imageTrueWidth.step">1</metadata>
  <metadata key="imageURL.editor">com.livecode.pi.string</metadata>
  <metadata key="imageURL.section">Icons</metadata>
  <metadata key="loadInfo.editor">com.livecode.pi.string</metadata>
  <metadata key="loadInfo.section">Icons</metadata>
  <metadata key="pointsList.editor">com.livecode.pi.text</metadata>
  <metadata key="pointsList.section">Advanced</metadata>
  <metadata key="proportional.editor">com.livecode.pi.boolean</metadata>
  <metadata key="proportional.section">Icons</metadata>
  <metadata key="resetPath.editor">com.livecode.pi.action</metadata>
  <metadata key="resetPath.section">Basic</metadata>
  <metadata key="rotationAngle.editor">com.livecode.pi.number</metadata>
  <metadata key="rotationAngle.section">Icons</metadata>
  <metadata key="rotationAngle.max">359</metadata>
  <metadata key="rotationAngle.min">0</metadata>
  <metadata key="rotationAngle.step">1</metadata>
  <metadata key="handles135.editor">com.livecode.pi.string</metadata>
  <metadata key="handles135.section">Advanced</metadata>
  <metadata key="setImageFromDefault.editor">com.livecode.pi.action</metadata>
  <metadata key="setImageFromDefault.section">Text</metadata>
  <metadata key="setImageFromFile.editor">com.livecode.pi.action</metadata>
  <metadata key="setImageFromFile.section">Icons</metadata>
  <metadata key="setImageFromURL.editor">com.livecode.pi.action</metadata>
  <metadata key="setImageFromURL.section">Icons</metadata>
  <metadata key="showAll.editor">com.livecode.pi.action</metadata>
  <metadata key="showBounds.editor">com.livecode.pi.boolean</metadata>
  <metadata key="showCaption.editor">com.livecode.pi.boolean</metadata>
  <metadata key="showCaption_.editor">com.livecode.pi.boolean</metadata>
  <metadata key="showCaption_.section">Text</metadata>
  <metadata key="showDateAsCaption.editor">com.livecode.pi.boolean</metadata>
  <metadata key="showDateAsCaption.section">Text</metadata>
  <metadata key="showHandles.editor">com.livecode.pi.boolean</metadata>
  <metadata key="showLoc.editor">com.livecode.pi.boolean</metadata>
  <metadata key="showPath.editor">com.livecode.pi.boolean</metadata>
  <metadata key="showSizes.editor">com.livecode.pi.boolean</metadata>
  <metadata key="skewXAngle.editor">com.livecode.pi.number</metadata>
  <metadata key="skewXAngle.section">Icons</metadata>
  <metadata key="skewXAngle.max">30</metadata>
  <metadata key="skewXAngle.min">-30</metadata>
  <metadata key="skewXAngle.step">1</metadata>
  <metadata key="skewYAngle.editor">com.livecode.pi.number</metadata>
  <metadata key="skewYAngle.section">Icons</metadata>
  <metadata key="skewYAngle.max">30</metadata>
  <metadata key="skewYAngle.min">-30</metadata>
  <metadata key="skewYAngle.step">1</metadata>
  <metadata key="skewXColor.editor">com.livecode.pi.colorwithalpha</metadata>
  <metadata key="skewXColor.section">Colors</metadata>
  <metadata key="skewYColor.editor">com.livecode.pi.colorwithalpha</metadata>
  <metadata key="skewYColor.section">Colors</metadata>
  <metadata key="strokeColor.editor">com.livecode.pi.colorwithalpha</metadata>
  <metadata key="strokeColor.section">Colors</metadata>
  <metadata key="strokePath.editor">com.livecode.pi.boolean</metadata>
  <metadata key="strokePath.section">Colors</metadata>
  <metadata key="strokeWidth.editor">com.livecode.pi.number</metadata>
  <metadata key="strokeWidth.section">Colors</metadata>
  <metadata key="strokeWidth.min">1</metadata>
  <metadata key="strokeWidth.max">48</metadata>
  <metadata key="strokeWidth.step">1</metadata>
  <metadata key="toCardScript.editor">com.livecode.pi.text</metadata>
  <metadata key="toCardScript.section">Contents</metadata>
  <metadata key="toWidgetScript.editor">com.livecode.pi.text</metadata>
  <metadata key="toWidgetScript.section">Contents</metadata>
  <metadata key="trueWHColor.editor">com.livecode.pi.colorwithalpha</metadata>
  <metadata key="trueWHColor.section">Colors</metadata>
  <metadata key="zoomByScroll.editor">com.livecode.pi.boolean</metadata>
  <metadata key="zoomByScroll.section">Icons</metadata>
  <metadata key="zoomIn.editor">com.livecode.pi.action</metadata>
  <metadata key="zoomIn.section">Icons</metadata>
  <metadata key="zoomOut.editor">com.livecode.pi.action</metadata>
  <metadata key="zoomOut.section">Icons</metadata>
  <handler name="OnCreate" parameters="" return="any"/>
  <handler name="OnPaint" parameters="" return="any"/>
  <handler name="OnOpen" parameters="" return="any"/>
  <handler name="OnGeometryChanged" parameters="" return="any"/>
  <handler name="OnTimer" parameters="" return="any"/>
  <handler name="OnMouseDown" parameters="" return="any"/>
  <handler name="OnMouseLeave" parameters="" return="any"/>
  <handler name="OnMouseEnter" parameters="" return="any"/>
  <handler name="OnMouseUp" parameters="" return="any"/>
  <handler name="OnMouseRelease" parameters="" return="any"/>
  <handler name="OnMouseCancel" parameters="" return="any"/>
  <handler name="OnSave" parameters="out array" return="any"/>
  <handler name="OnLoad" parameters="in array" return="any"/>
  <handler name="OnDo" parameters="in string" return="any"/>
  <handler name="OnMouseScroll" parameters="in any,in any" return="any"/>
</package>