<package version="0.0">
  <name>org.openxtalk.hermann.icongrid</name>
  <title>hhGrid</title>
  <author>Hermann Hoch</author>
  <version>2.1.1</version>
  <license>community</license>
  <type>widget</type>
  <requires name="com.livecode.canvas"/>
  <requires name="com.livecode.engine"/>
  <requires name="com.livecode.library.iconsvg"/>
  <requires name="com.livecode.widget"/>
  <requires name="com.livecode.binary"/>
  <requires name="com.livecode.list"/>
  <requires name="com.livecode.string"/>
  <requires name="com.livecode.arithmetic"/>
  <requires name="com.livecode.array"/>
  <requires name="com.livecode.logic"/>
  <requires name="com.livecode.type"/>
  <requires name="com.livecode.char"/>
  <requires name="com.livecode.math"/>
  <requires name="com.livecode.typeconvert"/>
  <requires name="com.livecode.date"/>
  <requires name="com.livecode.byte"/>
  <requires name="com.livecode.sort"/>
  <requires name="com.livecode.file"/>
  <metadata key="preferredSize">200,260</metadata>
  <metadata key="svgicon">M0 63.5 C 0 127,0 127,120.5 127 C 241 127,241 127,241 63.5 C 241 0,241 0,120.5 0 C 0 0,0 0,0 63.5 M224.5 63.5 C 224.5 98.5,224.5 98.5,217.5 98.808 C 194.633 99.813,179.463 92.213,176.894 78.465 C 174.661 66.510,181.634 56.047,194.478 52.079 C 198.181 50.936,202.251 50,203.524 50 C 208.773 50,209 49.517,209 38.351 C 209 27.916,209 27.916,216.750 28.208 C 224.5 28.5,224.5 28.5,224.5 63.5 M32.5 37 C 32.5 42.5,32.5 42.5,24.250 42.790 C 16 43.081,16 43.081,16 37 C 16 30.919,16 30.919,24.250 31.210 C 32.5 31.5,32.5 31.5,32.5 37 M168 37 C 168 43,168 43,160 43 C 152 43,152 43,152 37 C 152 31,152 31,160 31 C 168 31,168 31,168 37 M95.358 37.750 C 95.699 39.813,95.983 42.962,95.989 44.750 C 96 47.973,95.959 48,91.136 48 C 79.467 48,67.311 52.383,63.070 58.119 C 60.597 61.464,59.327 68.182,60.376 72.363 C 61.953 78.644,70.283 84.653,78.818 85.666 C 83.5 86.222,83.5 86.222,83.5 75.361 C 83.5 64.5,83.5 64.5,89.458 64.194 C 100.648 63.619,100 62.555,100 81.5 C 100 100.901,101.180 99.626,84.071 98.723 C 67.453 97.846,56.782 93.405,48.750 84.021 C 44.515 79.073,43 74.227,43 65.623 C 43 57.371,45.495 51.642,51.498 46.108 C 60.134 38.148,71.584 34.227,86.619 34.079 C 94.738 34,94.738 34,95.358 37.750 M145.595 53.750 C 146.502 56.913,147.392 59.758,147.572 60.073 C 147.752 60.388,143.085 62.509,137.2 64.787 C 126.5 68.927,126.5 68.927,126.801 83.464 C 127.103 98,127.103 98,119.051 98 C 111 98,111 98,111 73.5 C 111 49,111 49,118.5 49 C 126 49,126 49,126 52 C 126 53.650,126.188 55,126.419 55 C 126.649 55,130.124 53.425,134.140 51.5 C 138.157 49.575,142.006 48,142.694 48 C 143.382 48,144.687 50.587,145.595 53.750 M32 73.5 C 32 98,32 98,24.5 98 C 17 98,17 98,17 73.5 C 17 49,17 49,24.5 49 C 32 49,32 49,32 73.5 M167.791 73.750 C 168.081 98,168.081 98,160.041 98 C 152 98,152 98,152 73.458 C 152 48.916,152 48.916,159.750 49.208 C 167.5 49.5,167.5 49.5,167.791 73.750 M199.270 63.483 C 191.606 66.814,189.717 77.677,195.848 83.156 C 198.749 85.747,204.478 87.982,208.250 87.994 C 209.827 87.999,210 86.716,210 75 C 210 62,210 62,206.250 62.039 C 204.188 62.061,201.046 62.710,199.270 63.483Z</metadata>
  <handler name="OnCreate" parameters="" return="any"/>
  <handler name="OnOpen" parameters="" return="any"/>
  <handler name="OnPaint" parameters="" return="any"/>
  <handler name="OnSave" parameters="out array" return="any"/>
  <handler name="OnLoad" parameters="in array" return="any"/>
  <handler name="OnGeometryChanged" parameters="" return="any"/>
  <handler name="OnStartEditing" parameters="" return="any"/>
  <handler name="OnDo" parameters="in string" return="any"/>
  <handler name="OnMouseDown" parameters="" return="any"/>
  <handler name="OnMouseMove" parameters="" return="any"/>
  <handler name="OnMouseUp" parameters="" return="any"/>
  <handler name="OnMouseRelease" parameters="" return="any"/>
  <handler name="OnMouseCancel" parameters="" return="any"/>
  <handler name="OnMouseLeave" parameters="" return="any"/>
  <handler name="OnMouseEnter" parameters="" return="any"/>
  <handler name="setPathPreset" parameters="in string" return="nothing"/>
  <property name="widgetVersion" get="string"/>
  <property name="useTestMenu" get="boolean" set="boolean"/>
  <metadata key="useTestMenu.editor">com.livecode.pi.boolean</metadata>
  <metadata key="useTestMenu.section">Basic</metadata>
  <metadata key="useTestMenu.default">false</metadata>
  <property name="warningAtDragLoc" get="boolean" set="boolean"/>
  <metadata key="warningAtDragLoc.editor">com.livecode.pi.boolean</metadata>
  <metadata key="warningAtDragLoc.section">Basic</metadata>
  <metadata key="warningAtDragLoc.default">true</metadata>
  <property name="circleAtDragLoc" get="boolean" set="boolean"/>
  <metadata key="circleAtDragLoc.editor">com.livecode.pi.boolean</metadata>
  <metadata key="circleAtDragLoc.section">Basic</metadata>
  <metadata key="circleAtDragLoc.default">true</metadata>
  <property name="widgetReorder" get="string" set="string"/>
  <metadata key="widgetReorder.editor">com.livecode.pi.enum</metadata>
  <metadata key="widgetReorder.options">FlipH,FlipV,Transpose,Reverse,Reset</metadata>
  <metadata key="widgetReorder.default">Reset</metadata>
  <metadata key="widgetReorder.section">Basic</metadata>
  <property name="gridOrder" get="string" set="string"/>
  <metadata key="gridOrder.editor">com.livecode.pi.text</metadata>
  <metadata key="gridOrder.section">Basic</metadata>
  <property name="useGridShadow" get="boolean" set="boolean"/>
  <metadata key="useGridShadow.editor">com.livecode.pi.boolean</metadata>
  <metadata key="useGridShadow.section">Basic</metadata>
  <metadata key="useGridShadow.default">false</metadata>
  <property name="useTextBack" get="boolean" set="boolean"/>
  <metadata key="useTextBack.editor">com.livecode.pi.boolean</metadata>
  <metadata key="useTextBack.section">Basic</metadata>
  <metadata key="useTextBack.default">false</metadata>
  <property name="centerText" get="boolean" set="boolean"/>
  <metadata key="centerText.editor">com.livecode.pi.boolean</metadata>
  <metadata key="centerText.section">Basic</metadata>
  <metadata key="centerText.default">false</metadata>
  <property name="centerSVG" get="boolean" set="boolean"/>
  <metadata key="centerSVG.editor">com.livecode.pi.boolean</metadata>
  <metadata key="centerSVG.section">Basic</metadata>
  <metadata key="centerSVG.default">true</metadata>
  <property name="fillSVGPathes" get="boolean" set="boolean"/>
  <metadata key="fillSVGPathes.editor">com.livecode.pi.boolean</metadata>
  <metadata key="fillSVGPathes.section">Basic</metadata>
  <metadata key="fillSVGPathes.default">true</metadata>
  <property name="useBlendForSVG" get="boolean" set="boolean"/>
  <metadata key="useBlendForSVG.editor">com.livecode.pi.boolean</metadata>
  <metadata key="useBlendForSVG.section">Basic</metadata>
  <metadata key="useBlendForSVG.default">true</metadata>
  <property name="widgetToAngle" get="number" set="number"/>
  <metadata key="widgetToAngle.editor">com.livecode.pi.enum</metadata>
  <metadata key="widgetToAngle.options">0,90,-90,180</metadata>
  <metadata key="widgetToAngle.default">0</metadata>
  <metadata key="widgetToAngle.section">Basic</metadata>
  <property name="allFlipHSVG" get="boolean" set="boolean"/>
  <metadata key="allFlipHSVG.editor">com.livecode.pi.boolean</metadata>
  <metadata key="allFlipHSVG.default">false</metadata>
  <metadata key="allFlipHSVG.section">Basic</metadata>
  <property name="allFlipVSVG" get="boolean" set="boolean"/>
  <metadata key="allFlipVSVG.editor">com.livecode.pi.boolean</metadata>
  <metadata key="allFlipVSVG.default">false</metadata>
  <metadata key="allFlipVSVG.section">Basic</metadata>
  <property name="allFlipHImg" get="boolean" set="boolean"/>
  <metadata key="allFlipHImg.editor">com.livecode.pi.boolean</metadata>
  <metadata key="allFlipHImg.default">false</metadata>
  <metadata key="allFlipHImg.section">Basic</metadata>
  <property name="allFlipVImg" get="boolean" set="boolean"/>
  <metadata key="allFlipVImg.editor">com.livecode.pi.boolean</metadata>
  <metadata key="allFlipVImg.default">false</metadata>
  <metadata key="allFlipVImg.section">Basic</metadata>
  <property name="gridToAngle" get="string" set="number"/>
  <metadata key="gridToAngle.editor">com.livecode.pi.enum</metadata>
  <metadata key="gridToAngle.options">0,90,-90,180</metadata>
  <metadata key="gridToAngle.default">0</metadata>
  <metadata key="gridToAngle.section">Basic</metadata>
  <property name="showNumbers" get="boolean" set="boolean"/>
  <metadata key="showNumbers.editor">com.livecode.pi.boolean</metadata>
  <metadata key="showNumbers.section">Basic</metadata>
  <metadata key="showNumbers.default">true</metadata>
  <metadata key="showNumbers.group">A</metadata>
  <property name="showImages" get="boolean" set="boolean"/>
  <metadata key="showImages.editor">com.livecode.pi.boolean</metadata>
  <metadata key="showImages.section">Basic</metadata>
  <metadata key="showImages.default">false</metadata>
  <metadata key="showImages.group">A</metadata>
  <property name="showTexts" get="boolean" set="boolean"/>
  <metadata key="showTexts.editor">com.livecode.pi.boolean</metadata>
  <metadata key="showTexts.section">Basic</metadata>
  <metadata key="showTexts.default">false</metadata>
  <metadata key="showTexts.group">A</metadata>
  <property name="showSVGPathes" get="boolean" set="boolean"/>
  <metadata key="showSVGPathes.editor">com.livecode.pi.boolean</metadata>
  <metadata key="showSVGPathes.section">Basic</metadata>
  <metadata key="showSVGPathes.default">true</metadata>
  <metadata key="showSVGPathes.group">A</metadata>
  <property name="imagesFolder" get="string" set="string"/>
  <metadata key="imagesFolder.editor">com.livecode.pi.file</metadata>
  <metadata key="imagesFolder.section">Contents</metadata>
  <property name="objectsImageList" get="array" set="array"/>
  <metadata key="objectsImageList.editor">com.livecode.pi.array</metadata>
  <metadata key="objectsImageList.section">Contents</metadata>
  <property name="useImageForObject" get="number" set="number"/>
  <metadata key="useImageForObject.editor">com.livecode.pi.number</metadata>
  <metadata key="useImageForObject.step">1</metadata>
  <metadata key="useImageForObject.section">Contents</metadata>
  <property name="objectImage" get="string" set="string"/>
  <metadata key="objectImage.editor">com.livecode.pi.string</metadata>
  <metadata key="objectImage.section">Contents</metadata>
  <property name="imagesFolderInfo" get="string" set="string"/>
  <metadata key="imagesFolderInfo.editor">com.livecode.pi.text</metadata>
  <metadata key="imagesFolderInfo.section">Contents</metadata>
  <property name="showNumbers0" get="boolean" set="boolean"/>
  <metadata key="showNumbers0.editor">com.livecode.pi.boolean</metadata>
  <metadata key="showNumbers0.section">Contents</metadata>
  <property name="showSVGPathes0" get="boolean" set="boolean"/>
  <metadata key="showSVGPathes0.editor">com.livecode.pi.boolean</metadata>
  <metadata key="showSVGPathes0.section">Contents</metadata>
  <property name="showImages0" get="boolean" set="boolean"/>
  <metadata key="showImages0.editor">com.livecode.pi.boolean</metadata>
  <metadata key="showImages0.section">Contents</metadata>
  <property name="showTexts0" get="boolean" set="boolean"/>
  <metadata key="showTexts0.editor">com.livecode.pi.boolean</metadata>
  <metadata key="showTexts0.section">Contents</metadata>
  <property name="gridDragOrder" get="string" set="string"/>
  <metadata key="gridDragOrder.editor">com.livecode.pi.string</metadata>
  <metadata key="gridDragOrder.section">Custom</metadata>
  <metadata key="gridDragOrder.user_visible">false</metadata>
  <property name="ciInfo" get="string" set="string"/>
  <metadata key="ciInfo.editor">com.livecode.pi.text</metadata>
  <metadata key="ciInfo.section">Custom</metadata>
  <property name="gridRows" get="number" set="number"/>
  <metadata key="gridRows.editor">com.livecode.pi.number</metadata>
  <metadata key="gridRows.default">3</metadata>
  <metadata key="gridRows.section">Table</metadata>
  <property name="gridColumns" get="number" set="number"/>
  <metadata key="gridColumns.editor">com.livecode.pi.number</metadata>
  <metadata key="gridColumns.default">3</metadata>
  <metadata key="gridColumns.section">Table</metadata>
  <property name="zoomWidgetBy" get="number" set="number"/>
  <metadata key="zoomWidgetBy.editor">com.livecode.pi.number</metadata>
  <metadata key="zoomWidgetBy.step">0.005</metadata>
  <metadata key="zoomWidgetBy.default">1.0</metadata>
  <metadata key="zoomWidgetBy.section">Table</metadata>
  <property name="totalWidth" get="number" set="number"/>
  <metadata key="totalWidth.editor">com.livecode.pi.number</metadata>
  <metadata key="totalWidth.min">20</metadata>
  <metadata key="totalWidth.step">1</metadata>
  <metadata key="totalWidth.default">200</metadata>
  <metadata key="totalWidth.section">Table</metadata>
  <property name="totalHeight" get="number" set="number"/>
  <metadata key="totalHeight.editor">com.livecode.pi.number</metadata>
  <metadata key="totalHeight.min">20</metadata>
  <metadata key="totalHeight.step">1</metadata>
  <metadata key="totalHeight.default">260</metadata>
  <metadata key="totalHeight.section">Table</metadata>
  <property name="gridWidth" get="number" set="number"/>
  <metadata key="gridWidth.editor">com.livecode.pi.number</metadata>
  <metadata key="gridWidth.min">16</metadata>
  <metadata key="gridWidth.step">1</metadata>
  <metadata key="gridWidth.default">60</metadata>
  <metadata key="gridWidth.section">Table</metadata>
  <property name="gridHeight" get="number" set="number"/>
  <metadata key="gridHeight.editor">com.livecode.pi.number</metadata>
  <metadata key="gridHeight.min">16</metadata>
  <metadata key="gridHeight.step">1</metadata>
  <metadata key="gridHeight.default">80</metadata>
  <metadata key="gridHeight.section">Table</metadata>
  <property name="gridDistance" get="number" set="number"/>
  <metadata key="gridDistance.editor">com.livecode.pi.number</metadata>
  <metadata key="gridDistance.min">0</metadata>
  <metadata key="gridDistance.step">1</metadata>
  <metadata key="gridDistance.default">5</metadata>
  <metadata key="gridDistance.section">Table</metadata>
  <property name="gridLeft" get="number" set="number"/>
  <metadata key="gridLeft.editor">com.livecode.pi.number</metadata>
  <metadata key="gridLeft.min">0</metadata>
  <metadata key="gridLeft.step">1</metadata>
  <metadata key="gridLeft.default">5</metadata>
  <metadata key="gridLeft.section">Table</metadata>
  <property name="gridTop" get="number" set="number"/>
  <metadata key="gridTop.editor">com.livecode.pi.number</metadata>
  <metadata key="gridTop.min">0</metadata>
  <metadata key="gridTop.step">1</metadata>
  <metadata key="gridTop.default">5</metadata>
  <metadata key="gridTop.section">Table</metadata>
  <property name="gridRadius" get="number" set="number"/>
  <metadata key="gridRadius.editor">com.livecode.pi.number</metadata>
  <metadata key="gridRadius.min">0</metadata>
  <metadata key="gridRadius.step">1</metadata>
  <metadata key="gridRadius.default">5</metadata>
  <metadata key="gridRadius.section">Table</metadata>
  <property name="gridStrokeWidth" get="number" set="number"/>
  <metadata key="gridStrokeWidth.editor">com.livecode.pi.number</metadata>
  <metadata key="gridStrokeWidth.min">0</metadata>
  <metadata key="gridStrokeWidth.step">1</metadata>
  <metadata key="gridStrokeWidth.default">3</metadata>
  <metadata key="gridStrokeWidth.section">Table</metadata>
  <property name="centerText1" get="boolean" set="boolean"/>
  <metadata key="centerText1.editor">com.livecode.pi.boolean</metadata>
  <metadata key="centerText1.section">Table</metadata>
  <property name="centerSVG1" get="boolean" set="boolean"/>
  <metadata key="centerSVG1.editor">com.livecode.pi.boolean</metadata>
  <metadata key="centerSVG1.section">Table</metadata>
  <property name="scalefactorSVG" get="number" set="number"/>
  <metadata key="scalefactorSVG.editor">com.livecode.pi.number</metadata>
  <metadata key="scalefactorSVG.min">0.0</metadata>
  <metadata key="scalefactorSVG.step">0.01</metadata>
  <metadata key="scalefactorSVG.section">Table</metadata>
  <metadata key="scalefactorSVG.default">0.618</metadata>
  <property name="allImagesMode" get="string" set="string"/>
  <metadata key="allImagesMode.editor">com.livecode.pi.enum</metadata>
  <metadata key="allImagesMode.options">fitImage,fillRect</metadata>
  <metadata key="allImagesMode.section">Table</metadata>
  <metadata key="allImagesMode.default">fillRect</metadata>
  <property name="scalefactorIMG" get="number" set="number"/>
  <metadata key="scalefactorIMG.editor">com.livecode.pi.number</metadata>
  <metadata key="scalefactorIMG.min">0.0</metadata>
  <metadata key="scalefactorIMG.step">0.01</metadata>
  <metadata key="scalefactorIMG.section">Table</metadata>
  <metadata key="scalefactorIMG.default">1</metadata>
  <property name="responsiveSize" get="boolean" set="boolean"/>
  <metadata key="responsiveSize.editor">com.livecode.pi.boolean</metadata>
  <metadata key="responsiveSize.default">false</metadata>
  <metadata key="responsiveSize.user_visible">false</metadata>
  <metadata key="responsiveSize.section">Table</metadata>
  <property name="adjustSizeOfWidget" get="boolean" set="boolean"/>
  <metadata key="adjustSizeOfWidget.editor">com.livecode.pi.boolean</metadata>
  <metadata key="adjustSizeOfWidget.default">true</metadata>
  <metadata key="adjustSizeOfWidget.user_visible">false</metadata>
  <metadata key="adjustSizeOfWidget.section">Table</metadata>
  <property name="showNumbers1" get="boolean" set="boolean"/>
  <metadata key="showNumbers1.editor">com.livecode.pi.boolean</metadata>
  <metadata key="showNumbers1.section">Table</metadata>
  <property name="showSVGPathes1" get="boolean" set="boolean"/>
  <metadata key="showSVGPathes1.editor">com.livecode.pi.boolean</metadata>
  <metadata key="showSVGPathes1.section">Table</metadata>
  <property name="showImages1" get="boolean" set="boolean"/>
  <metadata key="showImages1.editor">com.livecode.pi.boolean</metadata>
  <metadata key="showImages1.section">Table</metadata>
  <property name="showTexts1" get="boolean" set="boolean"/>
  <metadata key="showTexts1.editor">com.livecode.pi.boolean</metadata>
  <metadata key="showTexts1.section">Table</metadata>
  <property name="strokeWidget" get="boolean" set="boolean"/>
  <metadata key="strokeWidget.editor">com.livecode.pi.boolean</metadata>
  <metadata key="strokeWidget.section">Colors</metadata>
  <metadata key="strokeWidget.default">false</metadata>
  <property name="widgetStrokeWidth" get="number" set="number"/>
  <metadata key="widgetStrokeWidth.editor">com.livecode.pi.number</metadata>
  <metadata key="widgetStrokeWidth.min">0</metadata>
  <metadata key="widgetStrokeWidth.step">1</metadata>
  <metadata key="widgetStrokeWidth.default">5</metadata>
  <metadata key="widgetStrokeWidth.section">Colors</metadata>
  <property name="widgetStrokeColor" get="string" set="string"/>
  <metadata key="widgetStrokeColor.editor">com.livecode.pi.colorwithalpha</metadata>
  <metadata key="widgetStrokeColor.section">Colors</metadata>
  <metadata key="widgetStrokeColor.default">255,128,0</metadata>
  <property name="widgetFillColor" get="string" set="string"/>
  <metadata key="widgetFillColor.editor">com.livecode.pi.colorwithalpha</metadata>
  <metadata key="widgetFillColor.section">Colors</metadata>
  <metadata key="widgetFillColor.default">0,0,0,102</metadata>
  <property name="objectsColorsList" get="array" set="array"/>
  <metadata key="objectsColorsList.editor">com.livecode.pi.array</metadata>
  <metadata key="objectsColorsList.section">Colors</metadata>
  <property name="useColorsForObject" get="number" set="number"/>
  <metadata key="useColorsForObject.editor">com.livecode.pi.number</metadata>
  <metadata key="useColorsForObject.step">1</metadata>
  <metadata key="useColorsForObject.section">Colors</metadata>
  <property name="objectFillColor" get="string" set="string"/>
  <metadata key="objectFillColor.section">Colors</metadata>
  <metadata key="objectFillColor.editor">com.livecode.pi.colorwithalpha</metadata>
  <metadata key="objectFillColor.default">255,255,255,255</metadata>
  <property name="useContrastColors" get="boolean" set="boolean"/>
  <metadata key="useContrastColors.editor">com.livecode.pi.boolean</metadata>
  <metadata key="useContrastColors.section">Colors</metadata>
  <metadata key="useContrastColors.default">true</metadata>
  <property name="objectStrokeColor" get="string" set="string"/>
  <metadata key="objectStrokeColor.editor">com.livecode.pi.colorwithalpha</metadata>
  <metadata key="objectStrokeColor.section">Colors</metadata>
  <metadata key="objectStrokeColor.default">0,0,0,255</metadata>
  <property name="showNumbers2" get="boolean" set="boolean"/>
  <metadata key="showNumbers2.editor">com.livecode.pi.boolean</metadata>
  <metadata key="showNumbers2.section">Colors</metadata>
  <property name="showSVGPathes2" get="boolean" set="boolean"/>
  <metadata key="showSVGPathes2.editor">com.livecode.pi.boolean</metadata>
  <metadata key="showSVGPathes2.section">Colors</metadata>
  <property name="showImages2" get="boolean" set="boolean"/>
  <metadata key="showImages2.editor">com.livecode.pi.boolean</metadata>
  <metadata key="showImages2.section">Colors</metadata>
  <property name="showTexts2" get="boolean" set="boolean"/>
  <metadata key="showTexts2.editor">com.livecode.pi.boolean</metadata>
  <metadata key="showTexts2.section">Colors</metadata>
  <property name="objectsPathList" get="array" set="array"/>
  <metadata key="objectsPathList.editor">com.livecode.pi.array</metadata>
  <metadata key="objectsPathList.section">Icons</metadata>
  <property name="usePathForObject" get="number" set="number"/>
  <metadata key="usePathForObject.editor">com.livecode.pi.number</metadata>
  <metadata key="usePathForObject.step">1</metadata>
  <metadata key="usePathForObject.section">Icons</metadata>
  <property name="iconSelect" get="string" set="string"/>
  <metadata key="iconSelect.editor">com.livecode.pi.svgicon</metadata>
  <metadata key="iconSelect.default">star</metadata>
  <metadata key="iconSelect.section">Icons</metadata>
  <property name="objectPath" get="string" set="string"/>
  <metadata key="objectPath.editor">com.livecode.pi.text</metadata>
  <metadata key="objectPath.section">Icons</metadata>
  <property name="showNumbers3" get="boolean" set="boolean"/>
  <metadata key="showNumbers3.editor">com.livecode.pi.boolean</metadata>
  <metadata key="showNumbers3.section">Icons</metadata>
  <property name="showSVGPathes3" get="boolean" set="boolean"/>
  <metadata key="showSVGPathes3.editor">com.livecode.pi.boolean</metadata>
  <metadata key="showSVGPathes3.section">Icons</metadata>
  <property name="showImages3" get="boolean" set="boolean"/>
  <metadata key="showImages3.editor">com.livecode.pi.boolean</metadata>
  <metadata key="showImages3.section">Icons</metadata>
  <property name="showTexts3" get="boolean" set="boolean"/>
  <metadata key="showTexts3.editor">com.livecode.pi.boolean</metadata>
  <metadata key="showTexts3.section">Icons</metadata>
  <property name="gridTextfont" get="string" set="string"/>
  <metadata key="gridTextfont.editor">com.livecode.pi.enum</metadata>
  <metadata key="gridTextfont.section">Text</metadata>
  <metadata key="gridTextfont.options">execute:get the fontnames; sort it</metadata>
  <metadata key="gridTextfont.default">Droid Sans</metadata>
  <property name="gridTextsize" get="number" set="number"/>
  <metadata key="gridTextsize.editor">com.livecode.pi.number</metadata>
  <metadata key="gridTextsize.min">7</metadata>
  <metadata key="gridTextsize.step">1</metadata>
  <metadata key="gridTextsize.default">12</metadata>
  <metadata key="gridTextsize.section">Text</metadata>
  <property name="objectsTextList" get="array" set="array"/>
  <metadata key="objectsTextList.editor">com.livecode.pi.array</metadata>
  <metadata key="objectsTextList.section">Text</metadata>
  <property name="useTextForObject" get="number" set="number"/>
  <metadata key="useTextForObject.editor">com.livecode.pi.number</metadata>
  <metadata key="useTextForObject.step">1</metadata>
  <metadata key="useTextForObject.section">Text</metadata>
  <property name="objectText" get="string" set="string"/>
  <metadata key="objectText.editor">com.livecode.pi.text</metadata>
  <metadata key="objectText.section">Text</metadata>
  <property name="showNumbers4" get="boolean" set="boolean"/>
  <metadata key="showNumbers4.editor">com.livecode.pi.boolean</metadata>
  <metadata key="showNumbers4.section">Text</metadata>
  <property name="showSVGPathes4" get="boolean" set="boolean"/>
  <metadata key="showSVGPathes4.editor">com.livecode.pi.boolean</metadata>
  <metadata key="showSVGPathes4.section">Text</metadata>
  <property name="showImages4" get="boolean" set="boolean"/>
  <metadata key="showImages4.editor">com.livecode.pi.boolean</metadata>
  <metadata key="showImages4.section">Text</metadata>
  <property name="showTexts4" get="boolean" set="boolean"/>
  <metadata key="showTexts4.editor">com.livecode.pi.boolean</metadata>
  <metadata key="showTexts4.section">Text</metadata>
  <property name="selectRandom" get="string" set="string"/>
  <metadata key="selectRandom.editor">com.livecode.pi.set</metadata>
  <metadata key="selectRandom.section">Advanced</metadata>
  <metadata key="selectRandom.options">Random Colors,Random Images,Random Order,Random SVGs,Random Texts</metadata>
  <property name="setSelectedRandom" get="string" set="string"/>
  <metadata key="setSelectedRandom.editor">com.livecode.pi.action</metadata>
  <metadata key="setSelectedRandom.section">Advanced</metadata>
  <property name="showNumbers5" get="boolean" set="boolean"/>
  <metadata key="showNumbers5.editor">com.livecode.pi.boolean</metadata>
  <metadata key="showNumbers5.section">Advanced</metadata>
  <property name="showSVGPathes5" get="boolean" set="boolean"/>
  <metadata key="showSVGPathes5.editor">com.livecode.pi.boolean</metadata>
  <metadata key="showSVGPathes5.section">Advanced</metadata>
  <property name="showImages5" get="boolean" set="boolean"/>
  <metadata key="showImages5.editor">com.livecode.pi.boolean</metadata>
  <metadata key="showImages5.section">Advanced</metadata>
  <property name="showTexts5" get="boolean" set="boolean"/>
  <metadata key="showTexts5.editor">com.livecode.pi.boolean</metadata>
  <metadata key="showTexts5.section">Advanced</metadata>
  <property name="resetVCDs" get="string" set="string"/>
  <metadata key="resetVCDs.editor">com.livecode.pi.enum</metadata>
  <metadata key="resetVCDs.section">Advanced</metadata>
  <metadata key="resetVCDs.options">000,100,110,111</metadata>
  <metadata key="resetVCDs.default">111</metadata>
  <property name="objectsVCDList" get="array" set="array"/>
  <metadata key="objectsVCDList.editor">com.livecode.pi.array</metadata>
  <metadata key="objectsVCDList.section">Advanced</metadata>
  <property name="useVCDForObject" get="number" set="number"/>
  <metadata key="useVCDForObject.editor">com.livecode.pi.number</metadata>
  <metadata key="useVCDForObject.step">1</metadata>
  <metadata key="useVCDForObject.section">Advanced</metadata>
  <property name="objectVCD" get="string" set="string"/>
  <metadata key="objectVCD.editor">com.livecode.pi.string</metadata>
  <metadata key="objectVCD.section">Advanced</metadata>
  <property name="hideNumbers" get="boolean" set="boolean"/>
  <metadata key="hideNumbers.user_visible">false</metadata>
  <property name="hideSVGPaths" get="boolean" set="boolean"/>
  <metadata key="hideSVGPaths.user_visible">false</metadata>
  <property name="hideImages" get="boolean" set="boolean"/>
  <metadata key="hideImages.user_visible">false</metadata>
  <property name="hideText" get="boolean" set="boolean"/>
  <metadata key="hideText.user_visible">false</metadata>
  <property name="showNumbersForColors" get="boolean" set="boolean"/>
  <metadata key="showNumbersForColors.user_visible">false</metadata>
  <property name="showSVGPaths" get="boolean" set="boolean"/>
  <metadata key="showSVGPaths.user_visible">false</metadata>
</package>